2025-09-04T16:48:23.345257Z,SaluSCORE™ Project Team,v0.1
2025-09-04T18:04:46.852015Z,SaluSCORE™ Project Team,v0.1
2025-09-04T18:07:44.620660Z,SaluSCORE™ Project Team,v0.1
2025-09-04T18:07:53.474684Z,SaluSCORE™ Project Team,v0.1
2025-09-04T18:08:01.329547Z,SaluSCORE™ Project Team,v0.1
2025-09-04T18:08:04.541666Z,SaluSCORE™ Project Team,v0.1
2025-09-04T18:08:08.143524Z,SaluSCORE™ Project Team,v0.1
2025-09-04T18:08:13.445794Z,SaluSCORE™ Project Team,v0.1
2025-09-04T18:12:22.311840Z,SaluSCORE™ Project Team,v0.1
2025-09-04T18:12:38.947217Z,SaluSCORE™ Project Team,v0.1
2025-09-04T18:15:20.746452Z,SaluSCORE™ Project Team,v0.1
2025-09-04T18:18:50.019486Z,SaluSCORE™ Project Team,v0.1
2025-09-04T18:19:09.367303Z,SaluSCORE™ Project Team,v0.1
2025-09-04T18:22:57.139129Z,SaluSCORE™ Project Team,v0.1
2025-09-04T18:23:12.813811Z,SaluSCORE™ Project Team,v0.1
2025-09-04T18:23:16.115467Z,SaluSCORE™ Project Team,v0.1
2025-09-04T18:23:19.696957Z,SaluSCORE™ Project Team,v0.1
2025-09-04T18:23:32.113891Z,SaluSCORE™ Project Team,v0.1
2025-09-04T18:23:35.307039Z,SaluSCORE™ Project Team,v0.1
2025-09-04T18:26:50.237046Z,SaluSCORE™ Project Team,v0.1
2025-09-04T18:26:57.856818Z,SaluSCORE™ Project Team,v0.1
2025-09-04T18:35:21.520169Z,SaluSCORE™ Project Team,v0.1
2025-09-04T18:35:27.183609Z,SaluSCORE™ Project Team,v0.1
2025-09-04T18:35:48.639774Z,SaluSCORE™ Project Team,v0.1
2025-09-04T18:36:27.777182Z,SaluSCORE™ Project Team,v0.1
2025-09-04T18:36:31.621318Z,SaluSCORE™ Project Team,v0.1
2025-09-04T18:36:37.315494Z,SaluSCORE™ Project Team,v0.1
2025-09-04T18:40:19.923059Z,SaluSCORE™ Project Team,v0.1
2025-09-04T18:42:28.348652Z,SaluSCORE™ Project Team,v0.1
2025-09-04T18:43:34.107784Z,SaluSCORE™ Project Team,v0.1
2025-09-04T18:45:49.193823Z,SaluSCORE™ Project Team,v0.1
2025-09-04T18:45:56.591383Z,SaluSCORE™ Project Team,v0.1
2025-09-04T18:47:41.119329Z,SaluSCORE™ Project Team,v0.1
2025-09-04T18:50:43.025275Z,SaluSCORE™ Project Team,v0.1
2025-09-04T18:50:48.927122Z,SaluSCORE™ Project Team,v0.1
2025-09-04T19:02:42.408938Z,SaluSCORE™ Project Team,v0.1
2025-09-04T19:07:44.621085Z,SaluSCORE™ Project Team,v0.1
2025-09-04T19:09:35.771972Z,SaluSCORE™ Project Team,v0.1
2025-09-04T19:09:52.765688Z,SaluSCORE™ Project Team,v0.1
2025-09-04T19:10:23.994080Z,SaluSCORE™ Project Team,v0.1
2025-09-04T19:10:29.926162Z,SaluSCORE™ Project Team,v0.1
2025-09-04T19:10:35.200765Z,SaluSCORE™ Project Team,v0.1
2025-09-04T19:11:37.694737Z,SaluSCORE™ Project Team,v0.1
2025-09-04T19:16:42.899136Z,SaluSCORE™ Project Team,v0.1
2025-09-04T19:16:45.930262Z,SaluSCORE™ Project Team,v0.1
2025-09-04T19:16:53.875033Z,SaluSCORE™ Project Team,v0.1
2025-09-04T19:16:57.978036Z,SaluSCORE™ Project Team,v0.1
2025-09-04T19:17:04.302951Z,SaluSCORE™ Project Team,v0.1
2025-09-04T19:18:50.369954Z,SaluSCORE™ Project Team,v0.1
2025-09-04T19:19:08.684692Z,SaluSCORE™ Project Team,v0.1
